dataset,comparison_type,comparison,group,group_value,n,n_events,brier,brier_ci_low,brier_ci_high,calib_intercept,calib_intercept_ci_low,calib_intercept_ci_high,calib_slope,calib_slope_ci_low,calib_slope_ci_high,calib_status,calib_slope_valid_replicates,calib_slope_failed_replicates,calib_replicate_status_counts,calib_n_clipped,ece,ci_method,n_boot,resampling_unit
BRFSS 2022 (Behavioral Risk Factor Surveillance System),sex,Male vs Female,Female,2.0,70050,4977,0.057551622143728,0.0563231720385521,0.058687874540696,-0.2568796705131302,-0.3133808778189961,-0.1980613979341275,1.0311637621208043,1.0030234765549129,1.0604726868431873,ok,1000,0,"{""ok"": 1000}",11,0.0195429665573834,percentile,1000,observation
BRFSS 2022 (Behavioral Risk Factor Surveillance System),sex,Male vs Female,Male,1.0,61984,6948,0.0820228412162225,0.0804089447910551,0.0837940517056961,0.3215002511034245,0.2710396831560419,0.3697672697667784,1.009440506676432,0.9847946885070912,1.0314529446823282,ok,1000,0,"{""ok"": 1000}",11,0.0226690210969803,percentile,1000,observation
BRFSS 2022 (Behavioral Risk Factor Surveillance System),sex,Male vs Female,overall,overall,132034,11925,0.06903975431415,0.0680209815732924,0.0700515206938434,0.0262692102759879,-0.0112978925368882,0.0625592149644641,1.0130194408909212,0.9948924364585974,1.030161020950376,ok,1000,0,"{""ok"": 1000}",22,0.0008599448005521,percentile,1000,observation
CCHS 2019-2020,sex,Male vs Female,Female,Female,16392,1388,0.0691692696864808,0.0663535518689656,0.0719894854269543,-0.1542165536835273,-0.2661691056814911,-0.0427316644930615,1.020021806853187,0.95943475207897,1.0832034954018788,ok,1000,0,"{""ok"": 1000}",61,0.013620608907533,percentile,1000,observation
CCHS 2019-2020,sex,Male vs Female,Male,Male,13354,1560,0.0908551319211325,0.0870848877845223,0.0944532258818055,0.0520635425592656,-0.0623832168313866,0.1732219533414569,0.9087707826706826,0.8513374059863259,0.9697782456366456,ok,1000,0,"{""ok"": 1000}",60,0.017321309734551,percentile,1000,observation
CCHS 2019-2020,sex,Male vs Female,overall,overall,29746,2948,0.0789047972962952,0.076605179139771,0.0811666388077308,-0.065309801884649,-0.1481530679223857,0.0151681024486021,0.958346682931199,0.9141596442477092,1.0028358800837842,ok,1000,0,"{""ok"": 1000}",121,0.0028312213975587,percentile,1000,observation
CDC Diabetes Health Indicators (BRFSS 2015),sex,Male vs Female,Female,0,42493,6335,0.0995655814041223,0.0978199207239642,0.1013609923615703,-0.0315157589011488,-0.0715562112422417,0.0121392020289701,1.0313361869369209,1.0049661517707091,1.0601781725752506,ok,1000,0,"{""ok"": 1000}",72,0.0079527360912577,percentile,1000,observation
CDC Diabetes Health Indicators (BRFSS 2015),sex,Male vs Female,Male,1,33611,5658,0.1137526524854807,0.1116039230487684,0.1161127553987144,0.0433398380166199,-0.0090887592351182,0.0898984309777723,0.9661161989755432,0.9359443640061724,0.9968031177023158,ok,1000,0,"{""ok"": 1000}",45,0.0094218408524424,percentile,1000,observation
CDC Diabetes Health Indicators (BRFSS 2015),sex,Male vs Female,overall,overall,76104,11993,0.1058312395313632,0.1044645413383809,0.107185761941729,0.0024755440040068,-0.0293053825921837,0.0350763956035413,0.999649032973622,0.980538425742714,1.0204537327044434,ok,1000,0,"{""ok"": 1000}",117,0.0024755738938792,percentile,1000,observation
Diabetes 130-US Hospitals (1999-2008),sex,Male vs Female,Female,Female,16253,1807,0.094288915678977,0.0903002290111318,0.098320987754228,0.0657176445185826,-0.106906900713362,0.250916196016126,1.0520769616938526,0.9658075916285752,1.1384701002311095,ok,1000,0,"{""ok"": 1000}",153,0.0064440495543613,percentile,1000,patient_cluster
Diabetes 130-US Hospitals (1999-2008),sex,Male vs Female,Male,Male,13927,1486,0.0915219526566414,0.0872830829356805,0.0955653767960935,-0.1115350595014984,-0.3456690125408529,0.1121398870462869,0.9482526895098752,0.8309144383852444,1.0597754839435147,ok,1000,0,"{""ok"": 1000}",160,0.0015056914842816,percentile,1000,patient_cluster
Diabetes 130-US Hospitals (1999-2008),sex,Male vs Female,overall,overall,30180,3293,0.0930120603439184,0.0903145173309992,0.095909660845036,-0.0143520537012592,-0.162738626639152,0.120782107487797,1.0041468659059407,0.9317531472722828,1.0707917934605318,ok,1000,0,"{""ok"": 1000}",313,0.0036371468683911,percentile,1000,patient_cluster
NHANES 2017-2018,sex,Male vs Female,Female,2.0,903,150,0.1235105775849375,0.1098791058570581,0.1373377580454885,-0.4585896462344198,-0.7276727127692637,-0.1788112816892061,0.6954364195271313,0.5529697313638603,0.8746983119738803,ok,1000,0,"{""ok"": 1000}",20,0.0409414709814973,percentile,1000,observation
NHANES 2017-2018,sex,Male vs Female,Male,1.0,853,166,0.1303307162596915,0.1171795926135061,0.144551231015182,-0.0620756526402261,-0.3611267220479334,0.2316936595093321,0.7916896176727694,0.6193148857250063,0.9653084320664196,ok,1000,0,"{""ok"": 1000}",21,0.0301893175604855,percentile,1000,observation
NHANES 2017-2018,sex,Male vs Female,overall,overall,1756,316,0.1268235492760338,0.1172855157503079,0.1369813092314961,-0.2709816635121152,-0.4670810245167218,-0.0638640132713927,0.7376994074639186,0.626424502787787,0.8662978710566692,ok,1000,0,"{""ok"": 1000}",41,0.0250830246509784,percentile,1000,observation
BRFSS 2022 (heart disease),age,18_44_vs_65_plus,Oldest (65_plus),65_plus,47004,8116,0.1281667190070673,0.1260558477286651,0.1303193781469554,-0.0664754999311909,-0.1124685981287162,-0.0183317471219414,0.8379513230525427,0.8102756110877698,0.8658271446096554,ok,1000,0,"{""ok"": 1000}",0,0.0214690407425974,percentile,1000,observation
BRFSS 2022 (heart disease),age,18_44_vs_65_plus,Youngest (18_44),18_44,39740,580,0.0153080851289668,0.0143441668281019,0.0162787640901418,-1.3725106176022746,-1.5835552532372934,-1.1695895722033167,0.8918538522479514,0.8161195686860566,0.9677512188740288,ok,1000,0,"{""ok"": 1000}",0,0.0253150406328322,percentile,1000,observation
BRFSS 2022 (heart disease),age,18_44_vs_65_plus,overall,overall,86744,8696,0.0764628304347659,0.0752539728679541,0.0777035966671202,0.0452821244546861,0.0037618882992015,0.0884253204714961,1.02833583424483,1.006157836083977,1.0503841101254583,ok,1000,0,"{""ok"": 1000}",0,0.0026748579027067,percentile,1000,observation
CCHS 2019-20 (diabetes),age,18_34_vs_65_plus,Oldest (65_plus),65_plus,14101,2418,0.1337501024140861,0.129840366716868,0.1376707064026961,-0.2970738500340849,-0.3923401861435507,-0.2032333782077428,0.7271932865561836,0.6737467604823332,0.783564987229542,ok,1000,0,"{""ok"": 1000}",7,0.0172738090455832,percentile,1000,observation
CCHS 2019-20 (diabetes),age,18_34_vs_65_plus,Youngest (18_34),18_34,4564,15,0.0068159140259967,0.0054848852949038,0.0083289014141642,-4.547792659917074,-6.330646371549856,-1.8392065799335604,0.3631871918198575,-0.1132551271391549,1.4146967032886355,ok,1000,0,"{""ok"": 1000}",35,0.0450758164691588,percentile,1000,observation
CCHS 2019-20 (diabetes),age,18_34_vs_65_plus,overall,overall,18665,2433,0.1027119220870976,0.0997759583570877,0.1057771681360352,-0.1016931142906049,-0.1944891159658493,-0.0137972175273649,0.9382242824317496,0.8893273753256838,0.9887212162051592,ok,1000,0,"{""ok"": 1000}",42,0.0026574693269207,percentile,1000,observation
CDC Diabetes (BRFSS 2015),age,18_44_vs_65_plus,Oldest (65_plus),65_plus,26769,6170,0.1522094459148933,0.1494439779343438,0.1548884227496632,0.0031313095721975,-0.0428127694294237,0.0533371180741891,0.8816851817577979,0.8478594344107323,0.9146689448217828,ok,1000,0,"{""ok"": 1000}",29,0.018897035327823,percentile,1000,observation
CDC Diabetes (BRFSS 2015),age,18_44_vs_65_plus,Youngest (18_44),18_44,16273,781,0.0425809775511463,0.0404825706758312,0.0448549483775453,-0.633765123039101,-0.7782513790289902,-0.4983787434192833,1.0161314698316573,0.9437258358613267,1.0866721838011195,ok,1000,0,"{""ok"": 1000}",134,0.0343838224466783,percentile,1000,observation
CDC Diabetes (BRFSS 2015),age,18_44_vs_65_plus,overall,overall,43042,6951,0.1107619280095159,0.1088455958473937,0.1126775159306343,-0.0110439933831842,-0.0554462392676407,0.0349654008073298,1.0000703784368248,0.9726813437368644,1.0284395868384726,ok,1000,0,"{""ok"": 1000}",163,0.0027712295663266,percentile,1000,observation
Diabetes-130 (readmission),age,under_30_vs_60_plus,Oldest (60_plus),60_plus,20366,2319,0.0977644287055607,0.0941954266945277,0.1008048215663069,-0.1437829011368958,-0.3015410470176586,0.009357255857239,0.9415964242160506,0.8658717518388719,1.0176056069524224,ok,1000,0,"{""ok"": 1000}",0,0.0036294834722347,percentile,1000,patient_cluster
Diabetes-130 (readmission),age,under_30_vs_60_plus,Youngest (under_30),under_30,720,80,0.0839697607894716,0.0609785736939938,0.106841882629807,-0.1234146379987784,-0.4471773557555747,0.4974288908954999,1.0153880542659148,0.8567859553060114,1.3676216731417707,ok,1000,0,"{""ok"": 1000}",0,0.0353837470901956,percentile,1000,patient_cluster
Diabetes-130 (readmission),age,under_30_vs_60_plus,overall,overall,21086,2399,0.0972933976470581,0.0937773436164603,0.1003274876918577,-0.1364089866274345,-0.2788529138906586,0.0095899170066163,0.9471522727439056,0.8796979475570647,1.0203316478835394,ok,1000,0,"{""ok"": 1000}",0,0.0040833668868583,percentile,1000,patient_cluster
NHANES 2017-18 (diabetes),age,under_45_vs_65_plus,Oldest (65_plus),65_plus,425,151,0.2277677764496829,0.2038446740829047,0.2550263013901369,-0.0857397719178328,-0.3824045610589117,0.1972248048853038,0.4620073385212244,0.2530780608729726,0.6901736100237117,ok,1000,0,"{""ok"": 1000}",1,0.0921746688684999,percentile,1000,observation
NHANES 2017-18 (diabetes),age,under_45_vs_65_plus,Youngest (under_45),under_45,739,34,0.0473504096770978,0.036926596689544,0.0577882527949928,-1.2098549831589684,-1.8613102130011625,-0.5183132011388685,0.8086818105488156,0.5492018047409689,1.1502038737321127,ok,1000,0,"{""ok"": 1000}",30,0.0502739996253711,percentile,1000,observation
NHANES 2017-18 (diabetes),age,under_45_vs_65_plus,overall,overall,1164,185,0.1132244482323802,0.1022694315148253,0.1247722272395253,-0.1297788532864694,-0.4169096554209883,0.1582813759014596,0.9121633738644124,0.776595651130225,1.077546103734889,ok,1000,0,"{""ok"": 1000}",31,0.0184115220528349,percentile,1000,observation
BRFSS 2022 (heart disease),race,Black_vs_White,Black,Black,10550,803,0.0625103939121492,0.0593980801074449,0.0658043045375251,-0.4502426469901777,-0.5798202782060488,-0.3172901425517224,0.9059458815753731,0.8408336734776911,0.9792911496039508,ok,1000,0,"{""ok"": 1000}",2,0.0203390565721861,percentile,1000,observation
BRFSS 2022 (heart disease),race,Black_vs_White,White,White,95137,9301,0.0744753545974172,0.0733044389701192,0.0756497595927457,0.0412175640446922,-0.0009978959989453,0.0829435047731341,1.007708434394783,0.9862701408963064,1.0298065467950237,ok,1000,0,"{""ok"": 1000}",21,0.0022625973759616,percentile,1000,observation
BRFSS 2022 (heart disease),race,Black_vs_White,overall,overall,105687,10104,0.0732809755798504,0.0721952415432899,0.0743763790181534,-0.0081925031233544,-0.0476342393629811,0.0319063012956301,0.996134676473984,0.9761601098626748,1.0161432503197416,ok,1000,0,"{""ok"": 1000}",23,0.0013114867260692,percentile,1000,observation
Diabetes-130 (readmission),race,AfricanAmerican_vs_Caucasian,AfricanAmerican,AfricanAmerican,5710,655,0.0977619162158309,0.0906919915179125,0.1050389048986523,-0.0773531653420137,-0.3910259601530468,0.2231331198311884,0.9405920776083962,0.7992707436245805,1.0856166916562506,ok,1000,0,"{""ok"": 1000}",3,0.0068974549601086,percentile,1000,patient_cluster
Diabetes-130 (readmission),race,AfricanAmerican_vs_Caucasian,Caucasian,Caucasian,23127,2649,0.096677568700584,0.0933206897724267,0.0998328259733274,0.042409379345803,-0.1114755846700327,0.1949900198783678,1.0178169673775028,0.9449663202665516,1.0923317722986172,ok,1000,0,"{""ok"": 1000}",17,0.0010930442742185,percentile,1000,patient_cluster
Diabetes-130 (readmission),race,AfricanAmerican_vs_Caucasian,overall,overall,28837,3304,0.096892279811728,0.093649432750239,0.0999316638067251,0.0181689549847022,-0.117920023919402,0.1578003260860502,1.00209187706905,0.9385054371238964,1.0699166927600925,ok,1000,0,"{""ok"": 1000}",20,0.0016955417308186,percentile,1000,patient_cluster
NHANES 2017-18 (diabetes),race,Black_vs_White,Black,Black,429,89,0.1353955545139807,0.1148065005424435,0.1562027689701723,0.1307494198090037,-0.2664574014283618,0.545449503689987,0.9178773684838316,0.7288258065073071,1.1812667320419867,ok,1000,0,"{""ok"": 1000}",4,0.0666135624682158,percentile,1000,observation
NHANES 2017-18 (diabetes),race,Black_vs_White,White,White,584,94,0.1195989283639069,0.1044984962605858,0.1367389375211171,-0.4218737770843662,-0.7526505170433511,-0.0969769378034601,0.7893769851165428,0.5934093711224945,1.0432923893790098,ok,1000,0,"{""ok"": 1000}",12,0.0400944712641527,percentile,1000,observation
NHANES 2017-18 (diabetes),race,Black_vs_White,overall,overall,1013,183,0.1262887137719836,0.113413154809826,0.1398285825577986,-0.1884838718599294,-0.4458882895533769,0.057866004169183,0.8429689381568322,0.6981336773799419,1.0278155291973,ok,1000,0,"{""ok"": 1000}",16,0.0322984868651826,percentile,1000,observation
BRFSS 2022 (heart disease),race_secondary,Hispanic_vs_White,Hispanic,Hispanic,12798,760,0.0476232395073479,0.0448190922420916,0.0503775016467324,-0.2486173392537428,-0.3948047757145468,-0.1013446188065538,0.9144939448863966,0.8503631098439586,0.9769320307039908,ok,1000,0,"{""ok"": 1000}",17,0.0075435608349855,percentile,1000,observation
BRFSS 2022 (heart disease),race_secondary,Multiracial_vs_White,Multiracial,Multiracial,2814,243,0.0635737273687669,0.0573381179919484,0.070006771763965,-0.0201568390555033,-0.2837954612250518,0.2422252599625252,0.9696366562451464,0.8513689532868882,1.104189599014776,ok,1000,0,"{""ok"": 1000}",0,0.0053768691283471,percentile,1000,observation
BRFSS 2022 (heart disease),race_secondary,Hispanic_vs_White,White,White,95120,9270,0.0742482261076106,0.0730792891195177,0.0754920472557902,0.0122243979719463,-0.026846217474909,0.0541380592579182,1.0020313881647749,0.9823543592637108,1.0237303798640995,ok,1000,0,"{""ok"": 1000}",118,0.0013825139960815,percentile,1000,observation
BRFSS 2022 (heart disease),race_secondary,Multiracial_vs_White,White,White,95224,9317,0.0745387095922723,0.0733371852446566,0.075694392425386,0.0043544833973888,-0.0352664231969464,0.0421466323045677,0.9986850829926416,0.978676509313782,1.0183987238067078,ok,1000,0,"{""ok"": 1000}",8,0.0013800751457919,percentile,1000,observation
BRFSS 2022 (heart disease),race_secondary,Hispanic_vs_White,overall,overall,107918,10030,0.0710907678660739,0.0700393006335598,0.0722354978715071,-0.0092617795901746,-0.045447721646203,0.0299939188439118,0.9936863217362985,0.9747446616288384,1.0139783498748756,ok,1000,0,"{""ok"": 1000}",135,0.0019566223630092,percentile,1000,observation
BRFSS 2022 (heart disease),race_secondary,Multiracial_vs_White,overall,overall,98038,9560,0.0742239799978606,0.0730447313405279,0.0753180292842982,0.0034242910620438,-0.0377434324625024,0.0428897547061634,0.9977785035891849,0.9773669459607596,1.018193370691645,ok,1000,0,"{""ok"": 1000}",8,0.0013304893577289,percentile,1000,observation
