dataset,command_id,analysis_role,protected_attribute,comparison,group,group_value,metric,estimate,ci_low,ci_high,ci_method,numerator,denominator,selected_family,test_auroc,threshold
sex_cdc,sex_cdc,primary,Sex,Male vs Female,Male,1,npv,0.9390011250794893,0.9356371947061248,0.9422001004158982,wilson,19196,20443,xgboost,0.8241183349373199,0.1575888633599135
sex_cdc,sex_cdc,primary,Sex,Male vs Female,Male,1,ppv,0.3349787363304982,0.326966419309621,0.3430873075297918,wilson,4411,13168,xgboost,0.8241183349373199,0.1575888633599135
sex_cdc,sex_cdc,primary,Sex,Male vs Female,Male,1,prevalence,0.16833774657106304,0.16437559034324617,0.17237570663038015,wilson,5658,33611,xgboost,0.8241183349373199,0.1575888633599135
sex_cdc,sex_cdc,primary,Sex,Male vs Female,Male,1,sensitivity,0.77960410038883,0.7686156044606275,0.7902131834897562,wilson,4411,5658,xgboost,0.8241183349373199,0.1575888633599135
sex_cdc,sex_cdc,primary,Sex,Male vs Female,Male,1,specificity,0.6867241440990234,0.6812614348259494,0.6921355390552464,wilson,19196,27953,xgboost,0.8241183349373199,0.1575888633599135
sex_cdc,sex_cdc,primary,Sex,Male vs Female,Female,0,npv,0.955442942942943,0.9528989271713585,0.9578556289051082,wilson,25453,26640,xgboost,0.8241183349373199,0.1575888633599135
sex_cdc,sex_cdc,primary,Sex,Male vs Female,Female,0,ppv,0.3247334889295401,0.3174872791827079,0.33206461837323287,wilson,5148,15853,xgboost,0.8241183349373199,0.1575888633599135
sex_cdc,sex_cdc,primary,Sex,Male vs Female,Female,0,prevalence,0.14908337843880168,0.14572863151648258,0.1525015668642984,wilson,6335,42493,xgboost,0.8241183349373199,0.1575888633599135
sex_cdc,sex_cdc,primary,Sex,Male vs Female,Female,0,sensitivity,0.8126282557221783,0.8028309604281544,0.8220466336451514,wilson,5148,6335,xgboost,0.8241183349373199,0.1575888633599135
sex_cdc,sex_cdc,primary,Sex,Male vs Female,Female,0,specificity,0.7039382709220643,0.6992113225488579,0.7086218907235993,wilson,25453,36158,xgboost,0.8241183349373199,0.1575888633599135
sex_diabetes130,sex_diabetes130,primary,gender,Male vs Female,Male,Male,npv,0.9295612009237876,0.9241907593825487,0.9347448721525438,patient_cluster_bootstrap,8050,8660,xgboost,0.668201542077142,0.11265244541301705
sex_diabetes130,sex_diabetes130,primary,gender,Male vs Female,Male,Male,ppv,0.16631858743117525,0.1558156729441974,0.1774715369548157,patient_cluster_bootstrap,876,5267,xgboost,0.668201542077142,0.11265244541301705
sex_diabetes130,sex_diabetes130,primary,gender,Male vs Female,Male,Male,prevalence,0.10669921734759819,0.10095382232753794,0.11246605053145772,patient_cluster_bootstrap,1486,13927,xgboost,0.668201542077142,0.11265244541301705
sex_diabetes130,sex_diabetes130,primary,gender,Male vs Female,Male,Male,sensitivity,0.5895020188425303,0.5622275171065494,0.6155857926036852,patient_cluster_bootstrap,876,1486,xgboost,0.668201542077142,0.11265244541301705
sex_diabetes130,sex_diabetes130,primary,gender,Male vs Female,Male,Male,specificity,0.6470540953299574,0.6370660557561028,0.6568744942049171,patient_cluster_bootstrap,8050,12441,xgboost,0.668201542077142,0.11265244541301705
sex_diabetes130,sex_diabetes130,primary,gender,Male vs Female,Female,Female,npv,0.9297529538131042,0.9239698798792104,0.9349512868539059,patient_cluster_bootstrap,8656,9310,xgboost,0.668201542077142,0.11265244541301705
sex_diabetes130,sex_diabetes130,primary,gender,Male vs Female,Female,Female,ppv,0.16606654184070285,0.15660656869586867,0.17675796263146912,patient_cluster_bootstrap,1153,6943,xgboost,0.668201542077142,0.11265244541301705
sex_diabetes130,sex_diabetes130,primary,gender,Male vs Female,Female,Female,prevalence,0.11117947455854303,0.10552587575431743,0.11711541122879222,patient_cluster_bootstrap,1807,16253,xgboost,0.668201542077142,0.11265244541301705
sex_diabetes130,sex_diabetes130,primary,gender,Male vs Female,Female,Female,sensitivity,0.6380741560597676,0.6142289251830148,0.6622149286519867,patient_cluster_bootstrap,1153,1807,xgboost,0.668201542077142,0.11265244541301705
sex_diabetes130,sex_diabetes130,primary,gender,Male vs Female,Female,Female,specificity,0.5991970095528174,0.5898350961781422,0.6079311366590985,patient_cluster_bootstrap,8656,14446,xgboost,0.668201542077142,0.11265244541301705
sex_brfss,sex_brfss,primary,SEXVAR,Male vs Female,Male,1.0,npv,0.9651129402756509,0.9633105226395015,0.9668298607836326,wilson,40334,41792,xgboost,0.836544666547034,0.09032157545029328
sex_brfss,sex_brfss,primary,SEXVAR,Male vs Female,Male,1.0,ppv,0.27188985736925514,0.2657967141263088,0.2780697784492415,wilson,5490,20192,xgboost,0.836544666547034,0.09032157545029328
sex_brfss,sex_brfss,primary,SEXVAR,Male vs Female,Male,1.0,prevalence,0.11209344346928239,0.10963384095222144,0.11460112402965382,wilson,6948,61984,xgboost,0.836544666547034,0.09032157545029328
sex_brfss,sex_brfss,primary,SEXVAR,Male vs Female,Male,1.0,sensitivity,0.7901554404145078,0.7804217500232233,0.7995684617621857,wilson,5490,6948,xgboost,0.836544666547034,0.09032157545029328
sex_brfss,sex_brfss,primary,SEXVAR,Male vs Female,Male,1.0,specificity,0.7328657605930664,0.7291530080499747,0.7365460078016092,wilson,40334,55036,xgboost,0.836544666547034,0.09032157545029328
sex_brfss,sex_brfss,primary,SEXVAR,Male vs Female,Female,2.0,npv,0.979907397437278,0.9785908839361243,0.9811445142761942,wilson,45502,46435,xgboost,0.836544666547034,0.09032157545029328
sex_brfss,sex_brfss,primary,SEXVAR,Male vs Female,Female,2.0,ppv,0.1712470887147999,0.16649581912141762,0.17610529757301333,wilson,4044,23615,xgboost,0.836544666547034,0.09032157545029328
sex_brfss,sex_brfss,primary,SEXVAR,Male vs Female,Female,2.0,prevalence,0.07104925053533191,0.06917019907715884,0.0729753457131886,wilson,4977,70050,xgboost,0.836544666547034,0.09032157545029328
sex_brfss,sex_brfss,primary,SEXVAR,Male vs Female,Female,2.0,sensitivity,0.812537673297167,0.8014552922411237,0.8231379668939677,wilson,4044,4977,xgboost,0.836544666547034,0.09032157545029328
sex_brfss,sex_brfss,primary,SEXVAR,Male vs Female,Female,2.0,specificity,0.6992454627879459,0.695710331833733,0.7027570709889535,wilson,45502,65073,xgboost,0.836544666547034,0.09032157545029328
sex_nhanes,sex_nhanes,primary,RIAGENDR,Male vs Female,Male,1.0,npv,0.9346938775510204,0.9092612796599565,0.9533637437985817,wilson,458,490,l1_logistic_regression,0.7792578674402251,0.1796875
sex_nhanes,sex_nhanes,primary,RIAGENDR,Male vs Female,Male,1.0,ppv,0.3691460055096419,0.3211148400827528,0.4199177021347986,wilson,134,363,l1_logistic_regression,0.7792578674402251,0.1796875
sex_nhanes,sex_nhanes,primary,RIAGENDR,Male vs Female,Male,1.0,prevalence,0.19460726846424384,0.16943283294821815,0.22252002526539638,wilson,166,853,l1_logistic_regression,0.7792578674402251,0.1796875
sex_nhanes,sex_nhanes,primary,RIAGENDR,Male vs Female,Male,1.0,sensitivity,0.8072289156626506,0.7405484003517548,0.8600116790790511,wilson,134,166,l1_logistic_regression,0.7792578674402251,0.1796875
sex_nhanes,sex_nhanes,primary,RIAGENDR,Male vs Female,Male,1.0,specificity,0.6666666666666666,0.6305754834639188,0.7009043330353921,wilson,458,687,l1_logistic_regression,0.7792578674402251,0.1796875
sex_nhanes,sex_nhanes,primary,RIAGENDR,Male vs Female,Female,2.0,npv,0.9417670682730924,0.9176192724970806,0.9591516523961738,wilson,469,498,l1_logistic_regression,0.7792578674402251,0.1796875
sex_nhanes,sex_nhanes,primary,RIAGENDR,Male vs Female,Female,2.0,ppv,0.29876543209876544,0.25624819794682463,0.3450642509663199,wilson,121,405,l1_logistic_regression,0.7792578674402251,0.1796875
sex_nhanes,sex_nhanes,primary,RIAGENDR,Male vs Female,Female,2.0,prevalence,0.16611295681063123,0.1432625256377704,0.19179213674591247,wilson,150,903,l1_logistic_regression,0.7792578674402251,0.1796875
sex_nhanes,sex_nhanes,primary,RIAGENDR,Male vs Female,Female,2.0,sensitivity,0.8066666666666666,0.7361371418228315,0.8618811082980815,wilson,121,150,l1_logistic_regression,0.7792578674402251,0.1796875
sex_nhanes,sex_nhanes,primary,RIAGENDR,Male vs Female,Female,2.0,specificity,0.6228419654714475,0.5876828606165777,0.6567540658280516,wilson,469,753,l1_logistic_regression,0.7792578674402251,0.1796875
sex_cchs,sex_cchs,primary,DHH_SEX,Male vs Female,Male,Male,npv,0.9662848216610258,0.9620098191668845,0.9700937167157352,wilson,7423,7682,calibrated_ensemble,0.8064862598851269,0.09909663290446209
sex_cchs,sex_cchs,primary,DHH_SEX,Male vs Female,Male,Male,ppv,0.22937235543018336,0.21861629046362352,0.24049474667977944,wilson,1301,5672,calibrated_ensemble,0.8064862598851269,0.09909663290446209
sex_cchs,sex_cchs,primary,DHH_SEX,Male vs Female,Male,Male,prevalence,0.1168189306574809,0.11148096069570963,0.12237729166121607,wilson,1560,13354,calibrated_ensemble,0.8064862598851269,0.09909663290446209
sex_cchs,sex_cchs,primary,DHH_SEX,Male vs Female,Male,Male,sensitivity,0.833974358974359,0.8146934136842521,0.8516145385206864,wilson,1301,1560,calibrated_ensemble,0.8064862598851269,0.09909663290446209
sex_cchs,sex_cchs,primary,DHH_SEX,Male vs Female,Male,Male,specificity,0.6293878243174496,0.6206306243860508,0.6380607651069113,wilson,7423,11794,calibrated_ensemble,0.8064862598851269,0.09909663290446209
sex_cchs,sex_cchs,primary,DHH_SEX,Male vs Female,Female,Female,npv,0.9794038501345477,0.9763755131098757,0.9820511318405243,wilson,9463,9662,calibrated_ensemble,0.8064862598851269,0.09909663290446209
sex_cchs,sex_cchs,primary,DHH_SEX,Male vs Female,Female,Female,ppv,0.17667161961367014,0.16774486859944984,0.18596726932157406,wilson,1189,6730,calibrated_ensemble,0.8064862598851269,0.09909663290446209
sex_cchs,sex_cchs,primary,DHH_SEX,Male vs Female,Female,Female,prevalence,0.0846754514397267,0.08051029551486388,0.0890352240488902,wilson,1388,16392,calibrated_ensemble,0.8064862598851269,0.09909663290446209
sex_cchs,sex_cchs,primary,DHH_SEX,Male vs Female,Female,Female,sensitivity,0.8566282420749279,0.8372064999231312,0.8740814084273112,wilson,1189,1388,calibrated_ensemble,0.8064862598851269,0.09909663290446209
sex_cchs,sex_cchs,primary,DHH_SEX,Male vs Female,Female,Female,specificity,0.6306984804052252,0.6229436541232839,0.6383863986202362,wilson,9463,15004,calibrated_ensemble,0.8064862598851269,0.09909663290446209
CDC Diabetes (BRFSS 2015),age_decomposition,primary,age_band,Youngest (18_44) vs Oldest (65_plus),Youngest (18_44),18_44,npv,0.9772644730151813,0.974638197995546,0.9796244764601781,wilson,13454,13767,xgboost,0.8078880623776579,0.16148721982694242
CDC Diabetes (BRFSS 2015),age_decomposition,primary,age_band,Youngest (18_44) vs Oldest (65_plus),Youngest (18_44),18_44,ppv,0.18675179569034317,0.17197724812725956,0.20248523256755685,wilson,468,2506,xgboost,0.8078880623776579,0.16148721982694242
CDC Diabetes (BRFSS 2015),age_decomposition,primary,age_band,Youngest (18_44) vs Oldest (65_plus),Youngest (18_44),18_44,prevalence,0.047993609045658456,0.04481476911429557,0.05138580289361929,wilson,781,16273,xgboost,0.8078880623776579,0.16148721982694242
CDC Diabetes (BRFSS 2015),age_decomposition,primary,age_band,Youngest (18_44) vs Oldest (65_plus),Youngest (18_44),18_44,sensitivity,0.5992317541613317,0.5644578520075456,0.6330342634483628,wilson,468,781,xgboost,0.8078880623776579,0.16148721982694242
CDC Diabetes (BRFSS 2015),age_decomposition,primary,age_band,Youngest (18_44) vs Oldest (65_plus),Youngest (18_44),18_44,specificity,0.8684482313452104,0.8630342804564917,0.8736795037118197,wilson,13454,15492,xgboost,0.8078880623776579,0.16148721982694242
CDC Diabetes (BRFSS 2015),age_decomposition,primary,age_band,Youngest (18_44) vs Oldest (65_plus),Oldest (65_plus),65_plus,npv,0.904354774270875,0.8990773063934034,0.9093840862435973,wilson,11318,12515,xgboost,0.8078880623776579,0.16148721982694242
CDC Diabetes (BRFSS 2015),age_decomposition,primary,age_band,Youngest (18_44) vs Oldest (65_plus),Oldest (65_plus),65_plus,ppv,0.34888452364248634,0.341101812998977,0.3567486637059081,wilson,4973,14254,xgboost,0.8078880623776579,0.16148721982694242
CDC Diabetes (BRFSS 2015),age_decomposition,primary,age_band,Youngest (18_44) vs Oldest (65_plus),Oldest (65_plus),65_plus,prevalence,0.23049049273413277,0.22548432609319655,0.2355739996660157,wilson,6170,26769,xgboost,0.8078880623776579,0.16148721982694242
CDC Diabetes (BRFSS 2015),age_decomposition,primary,age_band,Youngest (18_44) vs Oldest (65_plus),Oldest (65_plus),65_plus,sensitivity,0.8059967585089141,0.795940787977692,0.815671937290002,wilson,4973,6170,xgboost,0.8078880623776579,0.16148721982694242
CDC Diabetes (BRFSS 2015),age_decomposition,primary,age_band,Youngest (18_44) vs Oldest (65_plus),Oldest (65_plus),65_plus,specificity,0.5494441477741638,0.5426409994562649,0.5562288580860257,wilson,11318,20599,xgboost,0.8078880623776579,0.16148721982694242
Diabetes-130 (readmission),age_decomposition,primary,age_band,Youngest (under_30) vs Oldest (60_plus),Youngest (under_30),under_30,npv,0.9499036608863198,0.9302291713705125,0.9683825588995051,patient_cluster_bootstrap,493,519,calibrated_ensemble,0.6529590054791965,0.11718875502008032
Diabetes-130 (readmission),age_decomposition,primary,age_band,Youngest (under_30) vs Oldest (60_plus),Youngest (under_30),under_30,ppv,0.26865671641791045,0.173404753447218,0.3494300117135207,patient_cluster_bootstrap,54,201,calibrated_ensemble,0.6529590054791965,0.11718875502008032
Diabetes-130 (readmission),age_decomposition,primary,age_band,Youngest (under_30) vs Oldest (60_plus),Youngest (under_30),under_30,prevalence,0.1111111111111111,0.07184247818467922,0.15395156777219982,patient_cluster_bootstrap,80,720,calibrated_ensemble,0.6529590054791965,0.11718875502008032
Diabetes-130 (readmission),age_decomposition,primary,age_band,Youngest (under_30) vs Oldest (60_plus),Youngest (under_30),under_30,sensitivity,0.675,0.5,0.8046922637195122,patient_cluster_bootstrap,54,80,calibrated_ensemble,0.6529590054791965,0.11718875502008032
Diabetes-130 (readmission),age_decomposition,primary,age_band,Youngest (under_30) vs Oldest (60_plus),Youngest (under_30),under_30,specificity,0.7703125,0.7232047947131609,0.8223677882132856,patient_cluster_bootstrap,493,640,calibrated_ensemble,0.6529590054791965,0.11718875502008032
Diabetes-130 (readmission),age_decomposition,primary,age_band,Youngest (under_30) vs Oldest (60_plus),Oldest (60_plus),60_plus,npv,0.9204545454545454,0.9159709626133846,0.9252803600039703,patient_cluster_bootstrap,11502,12496,calibrated_ensemble,0.6529590054791965,0.11718875502008032
Diabetes-130 (readmission),age_decomposition,primary,age_band,Youngest (under_30) vs Oldest (60_plus),Oldest (60_plus),60_plus,ppv,0.16836086404066072,0.15897100934676162,0.1775425904053452,patient_cluster_bootstrap,1325,7870,calibrated_ensemble,0.6529590054791965,0.11718875502008032
Diabetes-130 (readmission),age_decomposition,primary,age_band,Youngest (under_30) vs Oldest (60_plus),Oldest (60_plus),60_plus,prevalence,0.11386624766768143,0.10875589534262749,0.1181966537097278,patient_cluster_bootstrap,2319,20366,calibrated_ensemble,0.6529590054791965,0.11718875502008032
Diabetes-130 (readmission),age_decomposition,primary,age_band,Youngest (under_30) vs Oldest (60_plus),Oldest (60_plus),60_plus,sensitivity,0.5713669685209142,0.5505027919656211,0.5939124959613044,patient_cluster_bootstrap,1325,2319,calibrated_ensemble,0.6529590054791965,0.11718875502008032
Diabetes-130 (readmission),age_decomposition,primary,age_band,Youngest (under_30) vs Oldest (60_plus),Oldest (60_plus),60_plus,specificity,0.6373358452928465,0.6288980745064354,0.6456643704818811,patient_cluster_bootstrap,11502,18047,calibrated_ensemble,0.6529590054791965,0.11718875502008032
BRFSS 2022 (heart disease),age_decomposition,primary,age_band,Youngest (18_44) vs Oldest (65_plus),Youngest (18_44),18_44,npv,0.9908984960319662,0.9898643511912709,0.991827997697878,wilson,35710,36038,xgboost,0.8172988611282732,0.10025098566219702
BRFSS 2022 (heart disease),age_decomposition,primary,age_band,Youngest (18_44) vs Oldest (65_plus),Youngest (18_44),18_44,ppv,0.06807131280388978,0.06039749589512342,0.07664060043571744,wilson,252,3702,xgboost,0.8172988611282732,0.10025098566219702
BRFSS 2022 (heart disease),age_decomposition,primary,age_band,Youngest (18_44) vs Oldest (65_plus),Youngest (18_44),18_44,prevalence,0.01459486663311525,0.013461831990131004,0.01582173537782388,wilson,580,39740,xgboost,0.8172988611282732,0.10025098566219702
BRFSS 2022 (heart disease),age_decomposition,primary,age_band,Youngest (18_44) vs Oldest (65_plus),Youngest (18_44),18_44,sensitivity,0.43448275862068964,0.39470377189001565,0.47512390332593596,wilson,252,580,xgboost,0.8172988611282732,0.10025098566219702
BRFSS 2022 (heart disease),age_decomposition,primary,age_band,Youngest (18_44) vs Oldest (65_plus),Youngest (18_44),18_44,specificity,0.9118998978549541,0.9090520446903584,0.9146669470719838,wilson,35710,39160,xgboost,0.8172988611282732,0.10025098566219702
BRFSS 2022 (heart disease),age_decomposition,primary,age_band,Youngest (18_44) vs Oldest (65_plus),Oldest (65_plus),65_plus,npv,0.924878436042473,0.9211578292524444,0.9284371055517474,wilson,18640,20154,xgboost,0.8172988611282732,0.10025098566219702
BRFSS 2022 (heart disease),age_decomposition,primary,age_band,Youngest (18_44) vs Oldest (65_plus),Oldest (65_plus),65_plus,ppv,0.24588454376163874,0.24077050373559986,0.2510712865376613,wilson,6602,26850,xgboost,0.8172988611282732,0.10025098566219702
BRFSS 2022 (heart disease),age_decomposition,primary,age_band,Youngest (18_44) vs Oldest (65_plus),Oldest (65_plus),65_plus,prevalence,0.17266615607182367,0.16927610018835765,0.1761097110925845,wilson,8116,47004,xgboost,0.8172988611282732,0.10025098566219702
BRFSS 2022 (heart disease),age_decomposition,primary,age_band,Youngest (18_44) vs Oldest (65_plus),Oldest (65_plus),65_plus,sensitivity,0.8134549038935436,0.8048323947667678,0.8217808249375204,wilson,6602,8116,xgboost,0.8172988611282732,0.10025098566219702
BRFSS 2022 (heart disease),age_decomposition,primary,age_band,Youngest (18_44) vs Oldest (65_plus),Oldest (65_plus),65_plus,specificity,0.4793252417198107,0.4743623063056162,0.4842922613444505,wilson,18640,38888,xgboost,0.8172988611282732,0.10025098566219702
NHANES 2017-18 (diabetes),age_decomposition,primary,age_band,Youngest (under_45) vs Oldest (65_plus),Youngest (under_45),under_45,npv,0.9716535433070866,0.9556392553753624,0.9819955704948281,wilson,617,635,logistic_regression,0.7865637854401899,0.1591160220994475
NHANES 2017-18 (diabetes),age_decomposition,primary,age_band,Youngest (under_45) vs Oldest (65_plus),Youngest (under_45),under_45,ppv,0.15384615384615385,0.09697301114953087,0.2353802341852435,wilson,16,104,logistic_regression,0.7865637854401899,0.1591160220994475
NHANES 2017-18 (diabetes),age_decomposition,primary,age_band,Youngest (under_45) vs Oldest (65_plus),Youngest (under_45),under_45,prevalence,0.046008119079837616,0.03310830976391602,0.0636033882271288,wilson,34,739,logistic_regression,0.7865637854401899,0.1591160220994475
NHANES 2017-18 (diabetes),age_decomposition,primary,age_band,Youngest (under_45) vs Oldest (65_plus),Youngest (under_45),under_45,sensitivity,0.47058823529411764,0.3145150447508847,0.6326328701993107,wilson,16,34,logistic_regression,0.7865637854401899,0.1591160220994475
NHANES 2017-18 (diabetes),age_decomposition,primary,age_band,Youngest (under_45) vs Oldest (65_plus),Youngest (under_45),under_45,specificity,0.875177304964539,0.8487278157612848,0.8975603611183549,wilson,617,705,logistic_regression,0.7865637854401899,0.1591160220994475
NHANES 2017-18 (diabetes),age_decomposition,primary,age_band,Youngest (under_45) vs Oldest (65_plus),Oldest (65_plus),65_plus,npv,0.7591240875912408,0.6810823562192406,0.8230305704324948,wilson,104,137,logistic_regression,0.7865637854401899,0.1591160220994475
NHANES 2017-18 (diabetes),age_decomposition,primary,age_band,Youngest (under_45) vs Oldest (65_plus),Oldest (65_plus),65_plus,ppv,0.4097222222222222,0.35447613811535206,0.467344927986334,wilson,118,288,logistic_regression,0.7865637854401899,0.1591160220994475
NHANES 2017-18 (diabetes),age_decomposition,primary,age_band,Youngest (under_45) vs Oldest (65_plus),Oldest (65_plus),65_plus,prevalence,0.3552941176470588,0.31127428399954993,0.40190643239329216,wilson,151,425,logistic_regression,0.7865637854401899,0.1591160220994475
NHANES 2017-18 (diabetes),age_decomposition,primary,age_band,Youngest (under_45) vs Oldest (65_plus),Oldest (65_plus),65_plus,sensitivity,0.7814569536423841,0.7090091535744212,0.8399394332406236,wilson,118,151,logistic_regression,0.7865637854401899,0.1591160220994475
NHANES 2017-18 (diabetes),age_decomposition,primary,age_band,Youngest (under_45) vs Oldest (65_plus),Oldest (65_plus),65_plus,specificity,0.3795620437956204,0.3241418377406799,0.43831261999165844,wilson,104,274,logistic_regression,0.7865637854401899,0.1591160220994475
CCHS 2019-20 (diabetes),age_decomposition,primary,age_band,Youngest (18_34) vs Oldest (65_plus),Youngest (18_34),18_34,npv,0.9974770642201835,0.9954876561274991,0.9985906212195247,wilson,4349,4360,l1_logistic_regression,0.7490787734244737,0.13037588115083465
CCHS 2019-20 (diabetes),age_decomposition,primary,age_band,Youngest (18_34) vs Oldest (65_plus),Youngest (18_34),18_34,ppv,0.0196078431372549,0.007650879122415393,0.04932263755651539,wilson,4,204,l1_logistic_regression,0.7490787734244737,0.13037588115083465
CCHS 2019-20 (diabetes),age_decomposition,primary,age_band,Youngest (18_34) vs Oldest (65_plus),Youngest (18_34),18_34,prevalence,0.003286590709903593,0.0019927776354706924,0.005415854893870893,wilson,15,4564,l1_logistic_regression,0.7490787734244737,0.13037588115083465
CCHS 2019-20 (diabetes),age_decomposition,primary,age_band,Youngest (18_34) vs Oldest (65_plus),Youngest (18_34),18_34,sensitivity,0.26666666666666666,0.10897453325692372,0.5195043405598055,wilson,4,15,l1_logistic_regression,0.7490787734244737,0.13037588115083465
CCHS 2019-20 (diabetes),age_decomposition,primary,age_band,Youngest (18_34) vs Oldest (65_plus),Youngest (18_34),18_34,specificity,0.956034293251264,0.9496818386388061,0.9616171902262799,wilson,4349,4549,l1_logistic_regression,0.7490787734244737,0.13037588115083465
CCHS 2019-20 (diabetes),age_decomposition,primary,age_band,Youngest (18_34) vs Oldest (65_plus),Oldest (65_plus),65_plus,npv,0.9058752997601919,0.8986332918342865,0.9126502045471196,wilson,6044,6672,l1_logistic_regression,0.7490787734244737,0.13037588115083465
CCHS 2019-20 (diabetes),age_decomposition,primary,age_band,Youngest (18_34) vs Oldest (65_plus),Oldest (65_plus),65_plus,ppv,0.2409476376362902,0.23135832579524632,0.25080471759479955,wilson,1790,7429,l1_logistic_regression,0.7490787734244737,0.13037588115083465
CCHS 2019-20 (diabetes),age_decomposition,primary,age_band,Youngest (18_34) vs Oldest (65_plus),Oldest (65_plus),65_plus,prevalence,0.17147720019856746,0.16534561433025907,0.1777877326804596,wilson,2418,14101,l1_logistic_regression,0.7490787734244737,0.13037588115083465
CCHS 2019-20 (diabetes),age_decomposition,primary,age_band,Youngest (18_34) vs Oldest (65_plus),Oldest (65_plus),65_plus,sensitivity,0.7402812241521919,0.7224326798867268,0.7573675133785379,wilson,1790,2418,l1_logistic_regression,0.7490787734244737,0.13037588115083465
CCHS 2019-20 (diabetes),age_decomposition,primary,age_band,Youngest (18_34) vs Oldest (65_plus),Oldest (65_plus),65_plus,specificity,0.5173328768295814,0.5082675904535499,0.526386768590084,wilson,6044,11683,l1_logistic_regression,0.7490787734244737,0.13037588115083465
Diabetes-130 (readmission),race_decomposition,primary,race_group,AfricanAmerican vs Caucasian,AfricanAmerican,AfricanAmerican,npv,0.923054587688734,0.9141487245868519,0.9323119189993996,patient_cluster_bootstrap,3179,3444,xgboost,0.6682631087301065,0.11197195811770369
Diabetes-130 (readmission),race_decomposition,primary,race_group,AfricanAmerican vs Caucasian,AfricanAmerican,AfricanAmerican,ppv,0.17210944395410416,0.15317784955704422,0.19112565797989386,patient_cluster_bootstrap,390,2266,xgboost,0.6682631087301065,0.11197195811770369
Diabetes-130 (readmission),race_decomposition,primary,race_group,AfricanAmerican vs Caucasian,AfricanAmerican,AfricanAmerican,prevalence,0.11471103327495621,0.10484767744237482,0.12479692728042201,patient_cluster_bootstrap,655,5710,xgboost,0.6682631087301065,0.11197195811770369
Diabetes-130 (readmission),race_decomposition,primary,race_group,AfricanAmerican vs Caucasian,AfricanAmerican,AfricanAmerican,sensitivity,0.5954198473282443,0.553858779329789,0.6366682030513635,patient_cluster_bootstrap,390,655,xgboost,0.6682631087301065,0.11197195811770369
Diabetes-130 (readmission),race_decomposition,primary,race_group,AfricanAmerican vs Caucasian,AfricanAmerican,AfricanAmerican,specificity,0.6288822947576657,0.6134879763557387,0.6445256484643093,patient_cluster_bootstrap,3179,5055,xgboost,0.6682631087301065,0.11197195811770369
Diabetes-130 (readmission),race_decomposition,primary,race_group,AfricanAmerican vs Caucasian,Caucasian,Caucasian,npv,0.9279050675423539,0.9236037051825433,0.932081821309693,patient_cluster_bootstrap,12433,13399,xgboost,0.6682631087301065,0.11197195811770369
Diabetes-130 (readmission),race_decomposition,primary,race_group,AfricanAmerican vs Caucasian,Caucasian,Caucasian,ppv,0.17300575657894737,0.16356531512104186,0.18238072470187122,patient_cluster_bootstrap,1683,9728,xgboost,0.6682631087301065,0.11197195811770369
Diabetes-130 (readmission),race_decomposition,primary,race_group,AfricanAmerican vs Caucasian,Caucasian,Caucasian,prevalence,0.11454144506421066,0.10934948221783984,0.11950743021103293,patient_cluster_bootstrap,2649,23127,xgboost,0.6682631087301065,0.11197195811770369
Diabetes-130 (readmission),race_decomposition,primary,race_group,AfricanAmerican vs Caucasian,Caucasian,Caucasian,sensitivity,0.6353340883352209,0.613303207305109,0.6569727316889044,patient_cluster_bootstrap,1683,2649,xgboost,0.6682631087301065,0.11197195811770369
Diabetes-130 (readmission),race_decomposition,primary,race_group,AfricanAmerican vs Caucasian,Caucasian,Caucasian,specificity,0.6071393690790117,0.5990557618047294,0.6151468349790582,patient_cluster_bootstrap,12433,20478,xgboost,0.6682631087301065,0.11197195811770369
BRFSS 2022 (heart disease),race_decomposition,primary,race,Black vs White,Black,Black,npv,0.9769083688777761,0.9730598335196123,0.980218298751341,wilson,6642,6799,xgboost,0.8278294146761754,0.09560305430185359
BRFSS 2022 (heart disease),race_decomposition,primary,race,Black vs White,Black,Black,ppv,0.17222074113569716,0.16047461536131463,0.18463754797025972,wilson,646,3751,xgboost,0.8278294146761754,0.09560305430185359
BRFSS 2022 (heart disease),race_decomposition,primary,race,Black vs White,Black,Black,prevalence,0.07611374407582938,0.07120646051891236,0.08132960562364089,wilson,803,10550,xgboost,0.8278294146761754,0.09560305430185359
BRFSS 2022 (heart disease),race_decomposition,primary,race,Black vs White,Black,Black,sensitivity,0.8044831880448319,0.7756295679864149,0.8304374537984329,wilson,646,803,xgboost,0.8278294146761754,0.09560305430185359
BRFSS 2022 (heart disease),race_decomposition,primary,race,Black vs White,Black,Black,specificity,0.6814404432132964,0.6721209313687138,0.6906169938593085,wilson,6642,9747,xgboost,0.8278294146761754,0.09560305430185359
BRFSS 2022 (heart disease),race_decomposition,primary,race,Black vs White,White,White,npv,0.9704590041668694,0.9690931748337641,0.9717662334923032,wilson,59855,61677,xgboost,0.8278294146761754,0.09560305430185359
BRFSS 2022 (heart disease),race_decomposition,primary,race,Black vs White,White,White,ppv,0.22352062163777645,0.21908866056289114,0.22801605923540688,wilson,7479,33460,xgboost,0.8278294146761754,0.09560305430185359
BRFSS 2022 (heart disease),race_decomposition,primary,race,Black vs White,White,White,prevalence,0.09776427677980176,0.09589326180479361,0.09966777353536325,wilson,9301,95137,xgboost,0.8278294146761754,0.09560305430185359
BRFSS 2022 (heart disease),race_decomposition,primary,race,Black vs White,White,White,sensitivity,0.8041070852596495,0.7959163844715399,0.8120466877673044,wilson,7479,9301,xgboost,0.8278294146761754,0.09560305430185359
BRFSS 2022 (heart disease),race_decomposition,primary,race,Black vs White,White,White,specificity,0.6973181415723007,0.6942359465298668,0.700382676062186,wilson,59855,85836,xgboost,0.8278294146761754,0.09560305430185359
BRFSS 2022 (heart disease),race_decomposition,prespecified_secondary_supplement,race,Hispanic vs White,Hispanic,Hispanic,npv,0.9775292120243683,0.9744379114351225,0.9802542476964322,wilson,9788,10013,xgboost,0.8309317353798362,0.09293625673630995
BRFSS 2022 (heart disease),race_decomposition,prespecified_secondary_supplement,race,Hispanic vs White,Hispanic,Hispanic,ppv,0.19210053859964094,0.17789743242649553,0.20715187018778253,wilson,535,2785,xgboost,0.8309317353798362,0.09293625673630995
BRFSS 2022 (heart disease),race_decomposition,prespecified_secondary_supplement,race,Hispanic vs White,Hispanic,Hispanic,prevalence,0.05938427879356149,0.055420304805353905,0.06361268460655141,wilson,760,12798,xgboost,0.8309317353798362,0.09293625673630995
BRFSS 2022 (heart disease),race_decomposition,prespecified_secondary_supplement,race,Hispanic vs White,Hispanic,Hispanic,sensitivity,0.7039473684210527,0.6705310984281722,0.7353122823155406,wilson,535,760,xgboost,0.8309317353798362,0.09293625673630995
BRFSS 2022 (heart disease),race_decomposition,prespecified_secondary_supplement,race,Hispanic vs White,Hispanic,Hispanic,specificity,0.8130918757268649,0.8060284542489831,0.8199555387954018,wilson,9788,12038,xgboost,0.8309317353798362,0.09293625673630995
BRFSS 2022 (heart disease),race_decomposition,prespecified_secondary_supplement,race,Hispanic vs White,White,White,npv,0.9699551203590371,0.9685737209912882,0.9712775984678504,wilson,59434,61275,xgboost,0.8309317353798362,0.09293625673630995
BRFSS 2022 (heart disease),race_decomposition,prespecified_secondary_supplement,race,Hispanic vs White,White,White,ppv,0.21950066479539077,0.21512297446328016,0.22394202210096226,wilson,7429,33845,xgboost,0.8309317353798362,0.09293625673630995
BRFSS 2022 (heart disease),race_decomposition,prespecified_secondary_supplement,race,Hispanic vs White,White,White,prevalence,0.09745584524810766,0.0955873342300078,0.0993568687629754,wilson,9270,95120,xgboost,0.8309317353798362,0.09293625673630995
BRFSS 2022 (heart disease),race_decomposition,prespecified_secondary_supplement,race,Hispanic vs White,White,White,sensitivity,0.8014023732470335,0.7931570404879044,0.809398009090288,wilson,7429,9270,xgboost,0.8309317353798362,0.09293625673630995
BRFSS 2022 (heart disease),race_decomposition,prespecified_secondary_supplement,race,Hispanic vs White,White,White,specificity,0.692300524170064,0.6892046071383584,0.6953792325473345,wilson,59434,85850,xgboost,0.8309317353798362,0.09293625673630995
BRFSS 2022 (heart disease),race_decomposition,prespecified_secondary_supplement,race,Multiracial vs White,Multiracial,Multiracial,npv,0.9773399014778326,0.9699081763893764,0.9829684559533103,wilson,1984,2030,xgboost,0.829137966334633,0.09752003252416362
BRFSS 2022 (heart disease),race_decomposition,prespecified_secondary_supplement,race,Multiracial vs White,Multiracial,Multiracial,ppv,0.2512755102040816,0.2221764082497866,0.2828001379403769,wilson,197,784,xgboost,0.829137966334633,0.09752003252416362
BRFSS 2022 (heart disease),race_decomposition,prespecified_secondary_supplement,race,Multiracial vs White,Multiracial,Multiracial,prevalence,0.08635394456289978,0.07653155096770478,0.09730415483020041,wilson,243,2814,xgboost,0.829137966334633,0.09752003252416362
BRFSS 2022 (heart disease),race_decomposition,prespecified_secondary_supplement,race,Multiracial vs White,Multiracial,Multiracial,sensitivity,0.8106995884773662,0.7567554458883312,0.8549732350286234,wilson,197,243,xgboost,0.829137966334633,0.09752003252416362
BRFSS 2022 (heart disease),race_decomposition,prespecified_secondary_supplement,race,Multiracial vs White,Multiracial,Multiracial,specificity,0.7716841695838196,0.7550608743694717,0.7874968024204002,wilson,1984,2571,xgboost,0.829137966334633,0.09752003252416362
BRFSS 2022 (heart disease),race_decomposition,prespecified_secondary_supplement,race,Multiracial vs White,White,White,npv,0.9696317589811945,0.9682547190176636,0.970950858082521,wilson,60378,62269,xgboost,0.829137966334633,0.09752003252416362
BRFSS 2022 (heart disease),race_decomposition,prespecified_secondary_supplement,race,Multiracial vs White,White,White,ppv,0.2253375815505993,0.2208588717550833,0.229880316920035,wilson,7426,32955,xgboost,0.829137966334633,0.09752003252416362
BRFSS 2022 (heart disease),race_decomposition,prespecified_secondary_supplement,race,Multiracial vs White,White,White,prevalence,0.09784298076115265,0.09597213336401775,0.09974627391375554,wilson,9317,95224,xgboost,0.829137966334633,0.09752003252416362
BRFSS 2022 (heart disease),race_decomposition,prespecified_secondary_supplement,race,Multiracial vs White,White,White,sensitivity,0.7970376730707309,0.7887491194588322,0.8050813865586265,wilson,7426,9317,xgboost,0.829137966334633,0.09752003252416362
BRFSS 2022 (heart disease),race_decomposition,prespecified_secondary_supplement,race,Multiracial vs White,White,White,specificity,0.7028298043232798,0.699764732238112,0.7058767375489583,wilson,60378,85907,xgboost,0.829137966334633,0.09752003252416362
NHANES 2017-18 (diabetes),race_decomposition,primary,race,Black vs White,Black,Black,npv,0.9307692307692308,0.8932318080449524,0.9557628912764675,wilson,242,260,l1_logistic_regression,0.7892784251761142,0.180855569673867
NHANES 2017-18 (diabetes),race_decomposition,primary,race,Black vs White,Black,Black,ppv,0.42011834319526625,0.34828896081455013,0.49549851827627484,wilson,71,169,l1_logistic_regression,0.7892784251761142,0.180855569673867
NHANES 2017-18 (diabetes),race_decomposition,primary,race,Black vs White,Black,Black,prevalence,0.20745920745920746,0.17176759478127598,0.24834340686845854,wilson,89,429,l1_logistic_regression,0.7892784251761142,0.180855569673867
NHANES 2017-18 (diabetes),race_decomposition,primary,race,Black vs White,Black,Black,sensitivity,0.797752808988764,0.7028034801630848,0.8680621726737535,wilson,71,89,l1_logistic_regression,0.7892784251761142,0.180855569673867
NHANES 2017-18 (diabetes),race_decomposition,primary,race,Black vs White,Black,Black,specificity,0.711764705882353,0.6614651911584271,0.7573324735964009,wilson,242,340,l1_logistic_regression,0.7892784251761142,0.180855569673867
NHANES 2017-18 (diabetes),race_decomposition,primary,race,Black vs White,White,White,npv,0.9428571428571428,0.9114908617968157,0.9635521800708992,wilson,297,315,l1_logistic_regression,0.7892784251761142,0.180855569673867
NHANES 2017-18 (diabetes),race_decomposition,primary,race,Black vs White,White,White,ppv,0.2825278810408922,0.23207936631546372,0.3391001732394467,wilson,76,269,l1_logistic_regression,0.7892784251761142,0.180855569673867
NHANES 2017-18 (diabetes),race_decomposition,primary,race,Black vs White,White,White,prevalence,0.16095890410958905,0.13338441590888206,0.19296456125506173,wilson,94,584,l1_logistic_regression,0.7892784251761142,0.180855569673867
NHANES 2017-18 (diabetes),race_decomposition,primary,race,Black vs White,White,White,sensitivity,0.8085106382978723,0.7174971706384233,0.8752985695221128,wilson,76,94,l1_logistic_regression,0.7892784251761142,0.180855569673867
NHANES 2017-18 (diabetes),race_decomposition,primary,race,Black vs White,White,White,specificity,0.6061224489795919,0.5621952131563083,0.6483986892842738,wilson,297,490,l1_logistic_regression,0.7892784251761142,0.180855569673867
