dataset,comparison_type,comparison,group,group_value,n,n_events,selected_family,operating_threshold,auroc,auroc_ci_low,auroc_ci_high,auprc,ci_method,ci_level,n_boot,resampling_unit,resampling_design,n_resampling_units,n_units_spanning_subgroups
BRFSS 2022 (Behavioral Risk Factor Surveillance System),sex,Male vs Female,Female,2.0,70050,4977,xgboost,0.0903215754502932,0.8348842460575204,0.8294289431181338,0.8397762539021386,0.2999508160257712,percentile,0.95,1000,observation,row_level_within_subgroup_resampling,132034,0
BRFSS 2022 (Behavioral Risk Factor Surveillance System),sex,Male vs Female,Male,1.0,61984,6948,xgboost,0.0903215754502932,0.841708252729788,0.8375988488341954,0.8457004557821373,0.4012401156217993,percentile,0.95,1000,observation,row_level_within_subgroup_resampling,132034,0
BRFSS 2022 (Behavioral Risk Factor Surveillance System),sex,Male vs Female,overall,overall,132034,11925,xgboost,0.0903215754502932,0.836544666547034,0.833338623822908,0.839610895586457,0.3470059332161495,percentile,0.95,1000,observation,row_level_within_subgroup_resampling,132034,0
CCHS 2019-2020,sex,Male vs Female,Female,Female,16392,1388,calibrated_ensemble,0.099096632904462,0.8171636458903946,0.8071542517049014,0.8264553986415482,0.2626055528467894,percentile,0.95,1000,observation,row_level_within_subgroup_resampling,29746,0
CCHS 2019-2020,sex,Male vs Female,Male,Male,13354,1560,calibrated_ensemble,0.099096632904462,0.7975487590387116,0.7874639399550019,0.8074728174134483,0.3083641000060501,percentile,0.95,1000,observation,row_level_within_subgroup_resampling,29746,0
CCHS 2019-2020,sex,Male vs Female,overall,overall,29746,2948,calibrated_ensemble,0.099096632904462,0.8064862598851269,0.7987376348392693,0.8132234902517848,0.2818574416217223,percentile,0.95,1000,observation,row_level_within_subgroup_resampling,29746,0
CDC Diabetes Health Indicators (BRFSS 2015),sex,Male vs Female,Female,0,42493,6335,xgboost,0.1575888633599135,0.8354183928267469,0.8307391257397513,0.8400665934733648,0.4690590064834049,percentile,0.95,1000,observation,row_level_within_subgroup_resampling,76104,0
CDC Diabetes Health Indicators (BRFSS 2015),sex,Male vs Female,Male,1,33611,5658,xgboost,0.1575888633599135,0.8104055661426428,0.804700594938577,0.8160971067661388,0.4538938686203743,percentile,0.95,1000,observation,row_level_within_subgroup_resampling,76104,0
CDC Diabetes Health Indicators (BRFSS 2015),sex,Male vs Female,overall,overall,76104,11993,xgboost,0.1575888633599135,0.8241183349373199,0.820588172655756,0.8276328743028726,0.4614271366731698,percentile,0.95,1000,observation,row_level_within_subgroup_resampling,76104,0
Diabetes 130-US Hospitals (1999-2008),sex,Male vs Female,Female,Female,16253,1807,xgboost,0.112652445413017,0.6728371889863906,0.6586080816376619,0.6871841661933231,0.2200317203055192,percentile,0.95,1000,patient_cluster,joint_patient_cluster_whole_test_set,21455,1
Diabetes 130-US Hospitals (1999-2008),sex,Male vs Female,Male,Male,13927,1486,xgboost,0.112652445413017,0.6625485751698218,0.6468711801190964,0.6767689211274038,0.2044687198793301,percentile,0.95,1000,patient_cluster,joint_patient_cluster_whole_test_set,21455,1
Diabetes 130-US Hospitals (1999-2008),sex,Male vs Female,overall,overall,30180,3293,xgboost,0.112652445413017,0.668201542077142,0.6576089519555477,0.6783158529246492,0.2127225211194907,percentile,0.95,1000,patient_cluster,joint_patient_cluster_whole_test_set,21455,1
NHANES 2017-2018,sex,Male vs Female,Female,2.0,903,150,l1_logistic_regression,0.1796875,0.7698317839752103,0.7296920097388225,0.807894672368309,0.3620275112405351,percentile,0.95,1000,observation,row_level_within_subgroup_resampling,1756,0
NHANES 2017-2018,sex,Male vs Female,Male,1.0,853,166,l1_logistic_regression,0.1796875,0.7916293996948491,0.7554580106396623,0.8231969171895448,0.4414438406303714,percentile,0.95,1000,observation,row_level_within_subgroup_resampling,1756,0
NHANES 2017-2018,sex,Male vs Female,overall,overall,1756,316,l1_logistic_regression,0.1796875,0.7792578674402251,0.7526832952980428,0.8045214938591357,0.394083426115428,percentile,0.95,1000,observation,row_level_within_subgroup_resampling,1756,0
BRFSS 2022 (heart disease),age,18_44_vs_65_plus,Oldest (65_plus),65_plus,47004,8116,xgboost,0.100250985662197,0.7259092032784449,0.7200446820826841,0.7315551702577331,0.3725617252739759,percentile,0.95,1000,observation,row_level_within_subgroup_resampling,86744,0
BRFSS 2022 (heart disease),age,18_44_vs_65_plus,Youngest (18_44),18_44,39740,580,xgboost,0.100250985662197,0.7394527314994189,0.7169711710071394,0.7632162705386938,0.1226108569888099,percentile,0.95,1000,observation,row_level_within_subgroup_resampling,86744,0
BRFSS 2022 (heart disease),age,18_44_vs_65_plus,overall,overall,86744,8696,xgboost,0.100250985662197,0.8172988611282732,0.8128595473838095,0.8215655976888335,0.3504154923149866,percentile,0.95,1000,observation,row_level_within_subgroup_resampling,86744,0
CCHS 2019-20 (diabetes),age,18_34_vs_65_plus,Oldest (65_plus),65_plus,14101,2418,l1_logistic_regression,0.1303758811508346,0.6831065186512721,0.6721713809987581,0.6938955752565849,0.2970608908442564,percentile,0.95,1000,observation,row_level_within_subgroup_resampling,18665,0
CCHS 2019-20 (diabetes),age,18_34_vs_65_plus,Youngest (18_34),18_34,4564,15,l1_logistic_regression,0.1303758811508346,0.559522239319997,0.3968136513898246,0.7200120834838503,0.0462477661085409,percentile,0.95,1000,observation,row_level_within_subgroup_resampling,18665,0
CCHS 2019-20 (diabetes),age,18_34_vs_65_plus,overall,overall,18665,2433,l1_logistic_regression,0.1303758811508346,0.7490787734244737,0.7400888080351986,0.7583529839046672,0.2905160955666566,percentile,0.95,1000,observation,row_level_within_subgroup_resampling,18665,0
CDC Diabetes (BRFSS 2015),age,18_44_vs_65_plus,Oldest (65_plus),65_plus,26769,6170,xgboost,0.1614872198269424,0.750173636696027,0.743484267074174,0.7566753073714934,0.4680534072144735,percentile,0.95,1000,observation,row_level_within_subgroup_resampling,43042,0
CDC Diabetes (BRFSS 2015),age,18_44_vs_65_plus,Youngest (18_44),18_44,16273,781,xgboost,0.1614872198269424,0.8250665413035451,0.8088092821754035,0.8404697638439295,0.2542213633459543,percentile,0.95,1000,observation,row_level_within_subgroup_resampling,43042,0
CDC Diabetes (BRFSS 2015),age,18_44_vs_65_plus,overall,overall,43042,6951,xgboost,0.1614872198269424,0.8078880623776579,0.8029683118258742,0.8129616797501695,0.4418336870550453,percentile,0.95,1000,observation,row_level_within_subgroup_resampling,43042,0
Diabetes-130 (readmission),age,under_30_vs_60_plus,Oldest (60_plus),60_plus,20366,2319,calibrated_ensemble,0.1171887550200803,0.6477723957469779,0.6350190786475342,0.6603008144891371,0.1994895332197505,percentile,0.95,1000,patient_cluster,joint_patient_cluster_whole_test_set,14891,0
Diabetes-130 (readmission),age,under_30_vs_60_plus,Youngest (under_30),under_30,720,80,calibrated_ensemble,0.1171887550200803,0.7720996093749999,0.6832278813187636,0.8404887359919415,0.369889173852414,percentile,0.95,1000,patient_cluster,joint_patient_cluster_whole_test_set,14891,0
Diabetes-130 (readmission),age,under_30_vs_60_plus,overall,overall,21086,2399,calibrated_ensemble,0.1171887550200803,0.6529590054791965,0.6403481218732238,0.6653561633046018,0.2071350808778809,percentile,0.95,1000,patient_cluster,joint_patient_cluster_whole_test_set,14891,0
NHANES 2017-18 (diabetes),age,under_45_vs_65_plus,Oldest (65_plus),65_plus,425,151,logistic_regression,0.1591160220994475,0.6228428481655145,0.5657546626812644,0.6771587262307096,0.4852561659723582,percentile,0.95,1000,observation,row_level_within_subgroup_resampling,1164,0
NHANES 2017-18 (diabetes),age,under_45_vs_65_plus,Youngest (under_45),under_45,739,34,logistic_regression,0.1591160220994475,0.7442010846891948,0.6650571581602062,0.8284787199095012,0.1755592277321032,percentile,0.95,1000,observation,row_level_within_subgroup_resampling,1164,0
NHANES 2017-18 (diabetes),age,under_45_vs_65_plus,overall,overall,1164,185,logistic_regression,0.1591160220994475,0.7865637854401899,0.7534722618629006,0.818349891088591,0.4002606248391312,percentile,0.95,1000,observation,row_level_within_subgroup_resampling,1164,0
BRFSS 2022 (heart disease),race,Black_vs_White,Black,Black,10550,803,xgboost,0.0956030543018535,0.8185384754845537,0.805120823728758,0.8325210197591236,0.2938027461779933,percentile,0.95,1000,observation,row_level_within_subgroup_resampling,105687,0
BRFSS 2022 (heart disease),race,Black_vs_White,White,White,95137,9301,xgboost,0.0956030543018535,0.8289414891693133,0.8249602073966575,0.8328301762675707,0.3487688202663981,percentile,0.95,1000,observation,row_level_within_subgroup_resampling,105687,0
BRFSS 2022 (heart disease),race,Black_vs_White,overall,overall,105687,10104,xgboost,0.0956030543018535,0.8278294146761754,0.8241156500699068,0.8313545350007672,0.3426411077614714,percentile,0.95,1000,observation,row_level_within_subgroup_resampling,105687,0
Diabetes-130 (readmission),race,AfricanAmerican_vs_Caucasian,AfricanAmerican,AfricanAmerican,5710,655,xgboost,0.1119719581177036,0.6630464886251237,0.6388665084599483,0.6885753998644012,0.2057058191559726,percentile,0.95,1000,patient_cluster,joint_patient_cluster_whole_test_set,19950,8
Diabetes-130 (readmission),race,AfricanAmerican_vs_Caucasian,Caucasian,Caucasian,23127,2649,xgboost,0.1119719581177036,0.6697203631987496,0.6565973410494078,0.6828682901432698,0.2261276374228432,percentile,0.95,1000,patient_cluster,joint_patient_cluster_whole_test_set,19950,8
Diabetes-130 (readmission),race,AfricanAmerican_vs_Caucasian,overall,overall,28837,3304,xgboost,0.1119719581177036,0.6682631087301065,0.656929048476096,0.679867311008595,0.2219838512486224,percentile,0.95,1000,patient_cluster,joint_patient_cluster_whole_test_set,19950,8
NHANES 2017-18 (diabetes),race,Black_vs_White,Black,Black,429,89,l1_logistic_regression,0.180855569673867,0.8142101784534039,0.7718695295409043,0.857923363293598,0.4541834265320569,percentile,0.95,1000,observation,row_level_within_subgroup_resampling,1013,0
NHANES 2017-18 (diabetes),race,Black_vs_White,White,White,584,94,l1_logistic_regression,0.180855569673867,0.7744029526704299,0.7236704260651629,0.8179815091229475,0.3716801210763793,percentile,0.95,1000,observation,row_level_within_subgroup_resampling,1013,0
NHANES 2017-18 (diabetes),race,Black_vs_White,overall,overall,1013,183,l1_logistic_regression,0.180855569673867,0.7892784251761142,0.7546327855809893,0.8224146138370474,0.3990427635577641,percentile,0.95,1000,observation,row_level_within_subgroup_resampling,1013,0
BRFSS 2022 (heart disease),race_secondary,Hispanic_vs_White,Hispanic,Hispanic,12798,760,xgboost,0.0929362567363099,0.8424337186628308,0.8271465366872305,0.8560939231673348,0.314052765489963,percentile,0.95,1000,observation,row_level_within_subgroup_resampling,107918,0
BRFSS 2022 (heart disease),race_secondary,Multiracial_vs_White,Multiracial,Multiracial,2814,243,xgboost,0.0975200325241636,0.8573100089155233,0.8322422976779699,0.8798970056836746,0.3853560882667762,percentile,0.95,1000,observation,row_level_within_subgroup_resampling,98038,0
BRFSS 2022 (heart disease),race_secondary,Hispanic_vs_White,White,White,95120,9270,xgboost,0.0929362567363099,0.8275646203112601,0.8236603709516099,0.8315173604037103,0.3487917205752699,percentile,0.95,1000,observation,row_level_within_subgroup_resampling,107918,0
BRFSS 2022 (heart disease),race_secondary,Multiracial_vs_White,White,White,95224,9317,xgboost,0.0975200325241636,0.8281820871863228,0.8243130850963236,0.8318171330827712,0.3479744071462841,percentile,0.95,1000,observation,row_level_within_subgroup_resampling,98038,0
BRFSS 2022 (heart disease),race_secondary,Hispanic_vs_White,overall,overall,107918,10030,xgboost,0.0929362567363099,0.8309317353798362,0.8271356121774658,0.8347306214630758,0.3463060365990378,percentile,0.95,1000,observation,row_level_within_subgroup_resampling,107918,0
BRFSS 2022 (heart disease),race_secondary,Multiracial_vs_White,overall,overall,98038,9560,xgboost,0.0975200325241636,0.829137966334633,0.8252800533882221,0.8328755828413765,0.348980235690473,percentile,0.95,1000,observation,row_level_within_subgroup_resampling,98038,0
